N,splitSize,method,group,latency,std_derivation,flushL2,workgroupSize,threadsPerPack
282624,2,ScalarPack-512,Pack-1,0.059119104,0.0005713673399697808,true,128,1
423936,3,ScalarPack-512,Pack-1,0.054787968,0.0008442644508541023,true,128,1
565248,4,ScalarPack-512,Pack-1,0.060534528,0.0009270375058303664,true,128,1
706560,5,ScalarPack-512,Pack-1,0.070960128,0.0015533664859318304,true,128,1
847872,6,ScalarPack-512,Pack-1,0.085840128,0.002024186042738477,true,128,1
989184,7,ScalarPack-512,Pack-1,0.102783232,0.0027239274091234982,true,128,1
1130496,8,ScalarPack-512,Pack-1,0.122051072,0.0027808524338439403,true,128,1
1271808,9,ScalarPack-512,Pack-1,0.141526144,0.002910926067640017,true,128,1
1413120,10,ScalarPack-512,Pack-1,0.16149836799999998,0.0028236334763172177,true,128,1
1554432,11,ScalarPack-512,Pack-1,0.181660032,0.003162787246555341,true,128,1
1695744,12,ScalarPack-512,Pack-1,0.20381504,0.0030103064519073196,true,128,1
1837056,13,ScalarPack-512,Pack-1,0.224275456,0.003581813952741648,true,128,1
1978368,14,ScalarPack-512,Pack-1,0.246677888,0.0033688617833704756,true,128,1
2119680,15,ScalarPack-512,Pack-1,0.269595264,0.003002973518747697,true,128,1
2260992,16,ScalarPack-512,Pack-1,0.291566592,0.003339143200513808,true,128,1
2402304,17,ScalarPack-512,Pack-1,0.313336832,0.003343461594781037,true,128,1
2543616,18,ScalarPack-512,Pack-1,0.335472896,0.003363501903251562,true,128,1
2684928,19,ScalarPack-512,Pack-1,0.358044672,0.0037267224157966536,true,128,1
2826240,20,ScalarPack-512,Pack-1,0.38027404800000003,0.00361494836445887,true,128,1
2967552,21,ScalarPack-512,Pack-1,0.402252544,0.0036005831116750504,true,128,1
3108864,22,ScalarPack-512,Pack-1,0.425251072,0.0037715073998115787,true,128,1
3250176,23,ScalarPack-512,Pack-1,0.44741568,0.003302584863045673,true,128,1
3391488,24,ScalarPack-512,Pack-1,0.469015168,0.003526051499871852,true,128,1
3532800,25,ScalarPack-512,Pack-1,0.492025088,0.003824123090103686,true,128,1
3674112,26,ScalarPack-512,Pack-1,0.5141000960000001,0.0035053463153833296,true,128,1
3815424,27,ScalarPack-512,Pack-1,0.5367432959999999,0.003468913358440464,true,128,1
3956736,28,ScalarPack-512,Pack-1,0.559507328,0.0037905767704191676,true,128,1
4098048,29,ScalarPack-512,Pack-1,0.5821422079999999,0.0037272553919439036,true,128,1
4239360,30,ScalarPack-512,Pack-1,0.6053184,0.003703221620146426,true,128,1
4380672,31,ScalarPack-512,Pack-1,0.627552768,0.004034235243777466,true,128,1
4521984,32,ScalarPack-512,Pack-1,0.6514984960000001,0.0039267967090137095,true,128,1
4663296,33,ScalarPack-512,Pack-1,0.673111424,0.0042629117021322155,true,128,1
4804608,34,ScalarPack-512,Pack-1,0.6965397759999999,0.00378142127114859,true,128,1
4945920,35,ScalarPack-512,Pack-1,0.718988416,0.004267432159388753,true,128,1
5087232,36,ScalarPack-512,Pack-1,0.741989376,0.004182647983579423,true,128,1
5228544,37,ScalarPack-512,Pack-1,0.765056512,0.004285835841222824,true,128,1
5369856,38,ScalarPack-512,Pack-1,0.788004736,0.004076676179707476,true,128,1
5511168,39,ScalarPack-512,Pack-1,0.811292416,0.004125622317536835,true,128,1
5652480,40,ScalarPack-512,Pack-1,0.834706176,0.004085749846611027,true,128,1
5793792,41,ScalarPack-512,Pack-1,0.858265088,0.004315316613215076,true,128,1
5935104,42,ScalarPack-512,Pack-1,0.8810336,0.004205210330060073,true,128,1
6076416,43,ScalarPack-512,Pack-1,0.904653696,0.00411687142616813,true,128,1
6217728,44,ScalarPack-512,Pack-1,0.92869504,0.0041676239799561645,true,128,1
6359040,45,ScalarPack-512,Pack-1,0.953460992,0.007935914945608085,true,128,1
6500352,46,ScalarPack-512,Pack-1,0.981924224,0.008870467103692754,true,128,1
6641664,47,ScalarPack-512,Pack-1,1.016110208,0.011182486094460731,true,128,1
6782976,48,ScalarPack-512,Pack-1,1.058865024,0.01307374390232328,true,128,1
6924288,49,ScalarPack-512,Pack-1,1.107323392,0.010594449276400112,true,128,1
7065600,50,ScalarPack-512,Pack-1,1.158608,0.01239042223138588,true,128,1
7206912,51,ScalarPack-512,Pack-1,1.215189888,0.01689611079187626,true,128,1
7348224,52,ScalarPack-512,Pack-1,1.27218496,0.007029340264245081,true,128,1
7489536,53,ScalarPack-512,Pack-1,1.3305459199999998,0.01087637616826997,true,128,1
7630848,54,ScalarPack-512,Pack-1,1.390710144,0.01539961628233205,true,128,1
7772160,55,ScalarPack-512,Pack-1,1.4533277439999999,0.016835047205121866,true,128,1
7913472,56,ScalarPack-512,Pack-1,1.5144647679999999,0.013471444185185578,true,128,1
8054784,57,ScalarPack-512,Pack-1,1.5788128000000001,0.01266532001710743,true,128,1
8196096,58,ScalarPack-512,Pack-1,1.63859776,0.011383374874191186,true,128,1
8337408,59,ScalarPack-512,Pack-1,1.704118528,0.010468348375225107,true,128,1
8478720,60,ScalarPack-512,Pack-1,1.76814272,0.009790174386673834,true,128,1
8620032,61,ScalarPack-512,Pack-1,1.837232,0.012903341314864559,true,128,1
8761344,62,ScalarPack-512,Pack-1,1.901930368,0.01053270280490553,true,128,1
8902656,63,ScalarPack-512,Pack-1,1.972744448,0.018458584226279974,true,128,1
9043968,64,ScalarPack-512,Pack-1,2.036514176,0.01584700869189378,true,128,1
9185280,65,ScalarPack-512,Pack-1,2.107132032,0.013955613646661433,true,128,1
9326592,66,ScalarPack-512,Pack-1,2.170309888,0.01807857127509342,true,128,1
9467904,67,ScalarPack-512,Pack-1,2.240132096,0.021766784815563166,true,128,1
9609216,68,ScalarPack-512,Pack-1,2.308605952,0.04548715619510384,true,128,1
9750528,69,ScalarPack-512,Pack-1,2.369103616,0.026109840260796997,true,128,1
9891840,70,ScalarPack-512,Pack-1,2.434411776,0.01758801094420949,true,128,1
10033152,71,ScalarPack-512,Pack-1,2.496543744,0.013279099957403397,true,128,1
10174464,72,ScalarPack-512,Pack-1,2.558585984,0.018315459368279403,true,128,1
10315776,73,ScalarPack-512,Pack-1,2.61874432,0.016433716269510006,true,128,1
10457088,74,ScalarPack-512,Pack-1,2.675036928,0.013718181916982363,true,128,1
10598400,75,ScalarPack-512,Pack-1,2.736745344,0.01885952600340852,true,128,1
10739712,76,ScalarPack-512,Pack-1,2.825435264,0.09563648803306628,true,128,1
10881024,77,ScalarPack-512,Pack-1,2.849540224,0.021222568746644566,true,128,1
11022336,78,ScalarPack-512,Pack-1,2.9057536,0.021214217964348043,true,128,1
11163648,79,ScalarPack-512,Pack-1,2.964711808,0.014298120544241339,true,128,1
11304960,80,ScalarPack-512,Pack-1,3.0345792,0.05559129294240072,true,128,1
11446272,81,ScalarPack-512,Pack-1,3.080605184,0.022670639163250614,true,128,1
11587584,82,ScalarPack-512,Pack-1,3.14269504,0.015118090363219448,true,128,1
11728896,83,ScalarPack-512,Pack-1,3.267075712,0.13173421600995625,true,128,1
11870208,84,ScalarPack-512,Pack-1,3.3065149440000003,0.1079725101489958,true,128,1
12011520,85,ScalarPack-512,Pack-1,3.3567507200000004,0.10332574085061343,true,128,1
12152832,86,ScalarPack-512,Pack-1,3.3880863999999997,0.05219957736780014,true,128,1
12294144,87,ScalarPack-512,Pack-1,3.4430942719999997,0.016063103579308992,true,128,1
12435456,88,ScalarPack-512,Pack-1,3.4991585279999997,0.01759801054601725,true,128,1
12576768,89,ScalarPack-512,Pack-1,3.5611392000000004,0.050403342030133684,true,128,1
12718080,90,ScalarPack-512,Pack-1,3.6239923199999997,0.050145957357096746,true,128,1
12859392,91,ScalarPack-512,Pack-1,3.684672128,0.05846335169412156,true,128,1
13000704,92,ScalarPack-512,Pack-1,3.737995264,0.0492572265727047,true,128,1
13142016,93,ScalarPack-512,Pack-1,3.7909912319999997,0.028221854710745946,true,128,1
13283328,94,ScalarPack-512,Pack-1,3.873238528,0.11746746653147103,true,128,1
13424640,95,ScalarPack-512,Pack-1,3.9175943679999996,0.09332711796887845,true,128,1
13565952,96,ScalarPack-512,Pack-1,3.98063936,0.07484676018195026,true,128,1
13707264,97,ScalarPack-512,Pack-1,4.0353505279999995,0.05770686889868349,true,128,1
13848576,98,ScalarPack-512,Pack-1,4.147925504,0.1566440777354068,true,128,1
13989888,99,ScalarPack-512,Pack-1,4.1693792,0.17143331331206413,true,128,1
14131200,100,ScalarPack-512,Pack-1,4.213391616,0.03504291526655432,true,128,1
14272512,101,ScalarPack-512,Pack-1,4.275005824,0.020485919129062773,true,128,1
14413824,102,ScalarPack-512,Pack-1,4.322654463999999,0.059753839401422044,true,128,1
14555136,103,ScalarPack-512,Pack-1,4.396324096,0.08938955262584346,true,128,1
14696448,104,ScalarPack-512,Pack-1,4.440639104000001,0.05320207476459741,true,128,1
14837760,105,ScalarPack-512,Pack-1,4.497937792,0.07745658252114837,true,128,1
14979072,106,ScalarPack-512,Pack-1,4.551586432,0.02122747167918556,true,128,1
15120384,107,ScalarPack-512,Pack-1,4.604073855999999,0.08596528731928207,true,128,1
15261696,108,ScalarPack-512,Pack-1,4.662027008000001,0.021230227788167983,true,128,1
15403008,109,ScalarPack-512,Pack-1,4.696816256,0.1346283521195654,true,128,1
15544320,110,ScalarPack-512,Pack-1,4.764506624,0.10975621704863978,true,128,1
15685632,111,ScalarPack-512,Pack-1,4.828420736,0.12401043721793893,true,128,1
15826944,112,ScalarPack-512,Pack-1,4.882192,0.13346118883282837,true,128,1
15968256,113,ScalarPack-512,Pack-1,4.9521914879999995,0.08504464070873216,true,128,1
16109568,114,ScalarPack-512,Pack-1,5.015191296,0.08847700209904037,true,128,1
16250880,115,ScalarPack-512,Pack-1,5.0662149119999995,0.08039205927335695,true,128,1
16392192,116,ScalarPack-512,Pack-1,5.1266112,0.06916185932490063,true,128,1
16533504,117,ScalarPack-512,Pack-1,5.177810176,0.09977954948079212,true,128,1
16674816,118,ScalarPack-512,Pack-1,5.243582592,0.061792077440131335,true,128,1
16816128,119,ScalarPack-512,Pack-1,5.305700352,0.030848981718911726,true,128,1
16957440,120,ScalarPack-512,Pack-1,5.35924096,0.043838086423624335,true,128,1
17098752,121,ScalarPack-512,Pack-1,5.409530752,0.07492827818766402,true,128,1
17240064,122,ScalarPack-512,Pack-1,5.466091776,0.07946313438180783,true,128,1
17381376,123,ScalarPack-512,Pack-1,5.5293937920000005,0.08430317780343641,true,128,1
17522688,124,ScalarPack-512,Pack-1,5.58725952,0.06312012470987859,true,128,1
17664000,125,ScalarPack-512,Pack-1,5.6497466880000005,0.029272947311414936,true,128,1
17805312,126,ScalarPack-512,Pack-1,5.697774464,0.06148468801238621,true,128,1
17946624,127,ScalarPack-512,Pack-1,5.754027392,0.08782194583869417,true,128,1
18087936,128,ScalarPack-512,Pack-1,5.816537728,0.05830766676138096,true,128,1
141312,2,ScalarPack-512,Pack-2,0.071340416,0.000489578515606923,true,128,2
211968,3,ScalarPack-512,Pack-2,0.05271936,0.0004873187113174388,true,128,2
282624,4,ScalarPack-512,Pack-2,0.045694592,0.000470913530848474,true,128,2
353280,5,ScalarPack-512,Pack-2,0.043464576,0.00047162851930721196,true,128,2
423936,6,ScalarPack-512,Pack-2,0.044364288,0.0004964153553788925,true,128,2
494592,7,ScalarPack-512,Pack-2,0.046129152,0.000569636586689841,true,128,2
565248,8,ScalarPack-512,Pack-2,0.048911616000000005,0.0005827812870571163,true,128,2
635904,9,ScalarPack-512,Pack-2,0.052373888,0.0006830153522843033,true,128,2
706560,10,ScalarPack-512,Pack-2,0.057135744,0.0008834329756489675,true,128,2
777216,11,ScalarPack-512,Pack-2,0.062213504,0.0010033918367139717,true,128,2
847872,12,ScalarPack-512,Pack-2,0.067985024,0.0012229263687660468,true,128,2
918528,13,ScalarPack-512,Pack-2,0.074195712,0.0013722667659955667,true,128,2
989184,14,ScalarPack-512,Pack-2,0.081362432,0.0012484152023169,true,128,2
1059840,15,ScalarPack-512,Pack-2,0.08863846400000001,0.0012955936927535007,true,128,2
1130496,16,ScalarPack-512,Pack-2,0.096592768,0.001197289920686177,true,128,2
1201152,17,ScalarPack-512,Pack-2,0.104383104,0.0014122739554284713,true,128,2
1271808,18,ScalarPack-512,Pack-2,0.11230208,0.0012678133465138562,true,128,2
1342464,19,ScalarPack-512,Pack-2,0.11956736,0.0013903598981560318,true,128,2
1413120,20,ScalarPack-512,Pack-2,0.12740595200000002,0.0012915407348179683,true,128,2
1483776,21,ScalarPack-512,Pack-2,0.13558873600000002,0.0013095493584820393,true,128,2
1554432,22,ScalarPack-512,Pack-2,0.143186432,0.0013105428880327186,true,128,2
1625088,23,ScalarPack-512,Pack-2,0.150547968,0.001302802738320574,true,128,2
1695744,24,ScalarPack-512,Pack-2,0.15773235200000002,0.0012201317191558876,true,128,2
1766400,25,ScalarPack-512,Pack-2,0.165249408,0.001205479569937999,true,128,2
1837056,26,ScalarPack-512,Pack-2,0.172929152,0.001350176551749385,true,128,2
1907712,27,ScalarPack-512,Pack-2,0.17955904,0.001138280797692957,true,128,2
1978368,28,ScalarPack-512,Pack-2,0.187422848,0.0010703484371426043,true,128,2
2049024,29,ScalarPack-512,Pack-2,0.194331648,0.0010620671787135336,true,128,2
2119680,30,ScalarPack-512,Pack-2,0.202430208,0.001071210151524122,true,128,2
2190336,31,ScalarPack-512,Pack-2,0.208881536,0.0013337850654089691,true,128,2
2260992,32,ScalarPack-512,Pack-2,0.215138944,0.0012247247155455399,true,128,2
2331648,33,ScalarPack-512,Pack-2,0.223505664,0.0012592816424867254,true,128,2
2402304,34,ScalarPack-512,Pack-2,0.23160460800000002,0.0015515021928236348,true,128,2
2472960,35,ScalarPack-512,Pack-2,0.239503616,0.0020125516809611195,true,128,2
2543616,36,ScalarPack-512,Pack-2,0.246533888,0.0014513438143508688,true,128,2
2614272,37,ScalarPack-512,Pack-2,0.254013568,0.0013080127604034196,true,128,2
2684928,38,ScalarPack-512,Pack-2,0.261152128,0.0013743424375388096,true,128,2
2755584,39,ScalarPack-512,Pack-2,0.268223744,0.0012562989447052033,true,128,2
2826240,40,ScalarPack-512,Pack-2,0.274181504,0.002701304676259139,true,128,2
2896896,41,ScalarPack-512,Pack-2,0.280160128,0.0018977343585450564,true,128,2
2967552,42,ScalarPack-512,Pack-2,0.288078208,0.0015642308540458935,true,128,2
3038208,43,ScalarPack-512,Pack-2,0.294223744,0.0015902866554395518,true,128,2
3108864,44,ScalarPack-512,Pack-2,0.302068608,0.0018188675197321404,true,128,2
3179520,45,ScalarPack-512,Pack-2,0.30928435200000004,0.00292221741629495,true,128,2
3250176,46,ScalarPack-512,Pack-2,0.312500736,0.0024950702054866124,true,128,2
3320832,47,ScalarPack-512,Pack-2,0.32230336,0.00265939438038023,true,128,2
3391488,48,ScalarPack-512,Pack-2,0.32962073599999997,0.003813271792347595,true,128,2
3462144,49,ScalarPack-512,Pack-2,0.334897024,0.0029732517161250908,true,128,2
3532800,50,ScalarPack-512,Pack-2,0.343235456,0.0025303499631603677,true,128,2
3603456,51,ScalarPack-512,Pack-2,0.351270912,0.0033014388281842623,true,128,2
3674112,52,ScalarPack-512,Pack-2,0.35745088,0.0027383745298255923,true,128,2
3744768,53,ScalarPack-512,Pack-2,0.364322688,0.0026771217870387087,true,128,2
3815424,54,ScalarPack-512,Pack-2,0.370848,0.0024509693886297815,true,128,2
3886080,55,ScalarPack-512,Pack-2,0.378137344,0.003714226743975664,true,128,2
3956736,56,ScalarPack-512,Pack-2,0.38615615999999997,0.002773316438923632,true,128,2
4027392,57,ScalarPack-512,Pack-2,0.392709632,0.00291646409896919,true,128,2
4098048,58,ScalarPack-512,Pack-2,0.40062694400000004,0.007020857285892488,true,128,2
4168704,59,ScalarPack-512,Pack-2,0.407576832,0.00299809737196378,true,128,2
4239360,60,ScalarPack-512,Pack-2,0.4147168,0.002817836855463131,true,128,2
4310016,61,ScalarPack-512,Pack-2,0.421759744,0.004216188648349993,true,128,2
4380672,62,ScalarPack-512,Pack-2,0.428322048,0.004319088247964051,true,128,2
4451328,63,ScalarPack-512,Pack-2,0.437347072,0.005663550064298059,true,128,2
4521984,64,ScalarPack-512,Pack-2,0.446437248,0.004717885476614802,true,128,2
4592640,65,ScalarPack-512,Pack-2,0.45230784,0.00371195194451286,true,128,2
4663296,66,ScalarPack-512,Pack-2,0.460253184,0.003654173619046414,true,128,2
4733952,67,ScalarPack-512,Pack-2,0.468444672,0.0036577146696264644,true,128,2
4804608,68,ScalarPack-512,Pack-2,0.476273664,0.0034867032152301396,true,128,2
4875264,69,ScalarPack-512,Pack-2,0.485308288,0.009759665439198052,true,128,2
4945920,70,ScalarPack-512,Pack-2,0.49134976,0.004314259130647406,true,128,2
5016576,71,ScalarPack-512,Pack-2,0.499538432,0.009834533517632136,true,128,2
5087232,72,ScalarPack-512,Pack-2,0.509029376,0.011030380030199603,true,128,2
5157888,73,ScalarPack-512,Pack-2,0.516655744,0.011324965285529348,true,128,2
5228544,74,ScalarPack-512,Pack-2,0.5254009599999999,0.013851814521658143,true,128,2
5299200,75,ScalarPack-512,Pack-2,0.532058496,0.010849522980571305,true,128,2
5369856,76,ScalarPack-512,Pack-2,0.539821696,0.014526354966459145,true,128,2
5440512,77,ScalarPack-512,Pack-2,0.543931648,0.005000740399984252,true,128,2
5511168,78,ScalarPack-512,Pack-2,0.5506871040000001,0.010919011622537562,true,128,2
5581824,79,ScalarPack-512,Pack-2,0.5577239039999999,0.02044973342551938,true,128,2
5652480,80,ScalarPack-512,Pack-2,0.5528175359999999,0.015311673833801201,true,128,2
5723136,81,ScalarPack-512,Pack-2,0.544712064,0.01843497366279312,true,128,2
5793792,82,ScalarPack-512,Pack-2,0.544741376,0.013140995017220065,true,128,2
5864448,83,ScalarPack-512,Pack-2,0.554116992,0.018841118789072426,true,128,2
5935104,84,ScalarPack-512,Pack-2,0.563515008,0.01350305254169992,true,128,2
6005760,85,ScalarPack-512,Pack-2,0.573025664,0.01957241302443623,true,128,2
6076416,86,ScalarPack-512,Pack-2,0.5789483519999999,0.013715979054085397,true,128,2
6147072,87,ScalarPack-512,Pack-2,0.588474624,0.014482559553707506,true,128,2
6217728,88,ScalarPack-512,Pack-2,0.600307072,0.008287831521619483,true,128,2
6288384,89,ScalarPack-512,Pack-2,0.610318336,0.012597368565184154,true,128,2
6359040,90,ScalarPack-512,Pack-2,0.6217710080000001,0.019038098880925006,true,128,2
6429696,91,ScalarPack-512,Pack-2,0.630670848,0.013648586968065724,true,128,2
6500352,92,ScalarPack-512,Pack-2,0.6439623680000001,0.029785908739681056,true,128,2
6571008,93,ScalarPack-512,Pack-2,0.656251776,0.049834019026824494,true,128,2
6641664,94,ScalarPack-512,Pack-2,0.6742415359999999,0.06818540366929567,true,128,2
6712320,95,ScalarPack-512,Pack-2,0.684257792,0.05584686255012675,true,128,2
6782976,96,ScalarPack-512,Pack-2,0.697382784,0.06447716741415799,true,128,2
6853632,97,ScalarPack-512,Pack-2,0.6938356480000001,0.04378751838526622,true,128,2
6924288,98,ScalarPack-512,Pack-2,0.708785024,0.04377284424854619,true,128,2
6994944,99,ScalarPack-512,Pack-2,0.722924928,0.040575822848623724,true,128,2
7065600,100,ScalarPack-512,Pack-2,0.736317824,0.04291218029940858,true,128,2
7136256,101,ScalarPack-512,Pack-2,0.759561216,0.08404693049420255,true,128,2
7206912,102,ScalarPack-512,Pack-2,0.78177536,0.11079859149013747,true,128,2
7277568,103,ScalarPack-512,Pack-2,0.7635833599999999,0.03814033651669116,true,128,2
7348224,104,ScalarPack-512,Pack-2,0.790796416,0.07347178863702089,true,128,2
7418880,105,ScalarPack-512,Pack-2,0.801255424,0.07327425583199176,true,128,2
7489536,106,ScalarPack-512,Pack-2,0.83819648,0.15250494777283,true,128,2
7560192,107,ScalarPack-512,Pack-2,0.8341132800000001,0.11977392666931165,true,128,2
7630848,108,ScalarPack-512,Pack-2,0.849623424,0.10189427452125208,true,128,2
7701504,109,ScalarPack-512,Pack-2,0.826132096,0.025099475775695428,true,128,2
7772160,110,ScalarPack-512,Pack-2,0.852785536,0.06209716651475144,true,128,2
7842816,111,ScalarPack-512,Pack-2,0.865105792,0.06609764620066796,true,128,2
7913472,112,ScalarPack-512,Pack-2,0.8929250559999999,0.11220849729494127,true,128,2
7984128,113,ScalarPack-512,Pack-2,0.890248576,0.08407413943069657,true,128,2
8054784,114,ScalarPack-512,Pack-2,0.89498112,0.0674869245729393,true,128,2
8125440,115,ScalarPack-512,Pack-2,0.894307328,0.013643613501284641,true,128,2
8196096,116,ScalarPack-512,Pack-2,0.911063552,0.03278401237370643,true,128,2
8266752,117,ScalarPack-512,Pack-2,0.934053888,0.08861222065292876,true,128,2
8337408,118,ScalarPack-512,Pack-2,0.932994816,0.032169858059340355,true,128,2
8408064,119,ScalarPack-512,Pack-2,0.9385743360000001,0.015264946395680944,true,128,2
8478720,120,ScalarPack-512,Pack-2,0.976498304,0.08816279763149278,true,128,2
8549376,121,ScalarPack-512,Pack-2,1.004342912,0.12896992010815633,true,128,2
8620032,122,ScalarPack-512,Pack-2,0.980915712,0.048202254681010595,true,128,2
8690688,123,ScalarPack-512,Pack-2,1.009275648,0.07642387918845808,true,128,2
8761344,124,ScalarPack-512,Pack-2,1.047141248,0.15039519777560187,true,128,2
8832000,125,ScalarPack-512,Pack-2,1.0506254080000001,0.12470320329871813,true,128,2
8902656,126,ScalarPack-512,Pack-2,1.050497408,0.08542454796041624,true,128,2
8973312,127,ScalarPack-512,Pack-2,1.0520303359999998,0.0829514867812225,true,128,2
9043968,128,ScalarPack-512,Pack-2,1.067728128,0.09294793986613892,true,128,2
141312,4,ScalarPack-512,Pack-4,0.038998528,0.00034184685637906275,true,128,4
176640,5,ScalarPack-512,Pack-4,0.034049152,0.0004415938596673362,true,128,4
211968,6,ScalarPack-512,Pack-4,0.031651456,0.00040152073927016434,true,128,4
247296,7,ScalarPack-512,Pack-4,0.030405248,0.00047956578119791847,true,128,4
282624,8,ScalarPack-512,Pack-4,0.029486208,0.00044521978924581053,true,128,4
317952,9,ScalarPack-512,Pack-4,0.028846848,0.00047448210176549,true,128,4
353280,10,ScalarPack-512,Pack-4,0.029058432000000002,0.0004911329976451576,true,128,4
388608,11,ScalarPack-512,Pack-4,0.029053184000000003,0.0004859453201172514,true,128,4
423936,12,ScalarPack-512,Pack-4,0.029312256000000002,0.0004875354494432726,true,128,4
459264,13,ScalarPack-512,Pack-4,0.029960832,0.0005206468090519999,true,128,4
494592,14,ScalarPack-512,Pack-4,0.030902656,0.0007164618745363208,true,128,4
529920,15,ScalarPack-512,Pack-4,0.031825664000000004,0.0005864573361327894,true,128,4
565248,16,ScalarPack-512,Pack-4,0.033758336,0.0007126402845081822,true,128,4
600576,17,ScalarPack-512,Pack-4,0.035380224,0.0006914374229269392,true,128,4
635904,18,ScalarPack-512,Pack-4,0.037195904,0.0007781894825707978,true,128,4
671232,19,ScalarPack-512,Pack-4,0.039017088000000005,0.0008085275704982734,true,128,4
706560,20,ScalarPack-512,Pack-4,0.040652544,0.0007803056375958766,true,128,4
741888,21,ScalarPack-512,Pack-4,0.042350847999999996,0.0009348693089924653,true,128,4
777216,22,ScalarPack-512,Pack-4,0.044960384,0.0008449235400580209,true,128,4
812544,23,ScalarPack-512,Pack-4,0.047785344,0.0008630458352046838,true,128,4
847872,24,ScalarPack-512,Pack-4,0.050349055999999996,0.0009241617373947025,true,128,4
883200,25,ScalarPack-512,Pack-4,0.05287232,0.0008787041513504255,true,128,4
918528,26,ScalarPack-512,Pack-4,0.0549984,0.000868384725798459,true,128,4
953856,27,ScalarPack-512,Pack-4,0.057998207999999996,0.000821486100148028,true,128,4
989184,28,ScalarPack-512,Pack-4,0.060775936,0.0008563492347776342,true,128,4
1024512,29,ScalarPack-512,Pack-4,0.063793024,0.0007413792817608466,true,128,4
1059840,30,ScalarPack-512,Pack-4,0.06648896,0.0008306867173607153,true,128,4
1095168,31,ScalarPack-512,Pack-4,0.06894003200000001,0.0007461276237849396,true,128,4
1130496,32,ScalarPack-512,Pack-4,0.0720128,0.0007245975876302359,true,128,4
1165824,33,ScalarPack-512,Pack-4,0.074436352,0.0007873908737703335,true,128,4
1201152,34,ScalarPack-512,Pack-4,0.07699584,0.0007452535504112911,true,128,4
1236480,35,ScalarPack-512,Pack-4,0.079338752,0.0006936660482511402,true,128,4
1271808,36,ScalarPack-512,Pack-4,0.082513536,0.0006987144829651204,true,128,4
1307136,37,ScalarPack-512,Pack-4,0.08453516800000001,0.0006871822667781752,true,128,4
1342464,38,ScalarPack-512,Pack-4,0.08761983999999999,0.0006657058377389171,true,128,4
1377792,39,ScalarPack-512,Pack-4,0.089849728,0.000779086371345063,true,128,4
1413120,40,ScalarPack-512,Pack-4,0.09240704,0.0007628155677499309,true,128,4
1448448,41,ScalarPack-512,Pack-4,0.094506496,0.0008365490505546685,true,128,4
1483776,42,ScalarPack-512,Pack-4,0.09731084799999999,0.0008204756967128791,true,128,4
1519104,43,ScalarPack-512,Pack-4,0.0999072,0.0009791006485545413,true,128,4
1554432,44,ScalarPack-512,Pack-4,0.10118732799999999,0.0008418744398164762,true,128,4
1589760,45,ScalarPack-512,Pack-4,0.10347724800000001,0.0009020090523348017,true,128,4
1625088,46,ScalarPack-512,Pack-4,0.106119936,0.0009380763273336441,true,128,4
1660416,47,ScalarPack-512,Pack-4,0.10819187200000001,0.0009859843323373892,true,128,4
1695744,48,ScalarPack-512,Pack-4,0.110841856,0.0009701031755760524,true,128,4
1731072,49,ScalarPack-512,Pack-4,0.1129792,0.000796742166575815,true,128,4
1766400,50,ScalarPack-512,Pack-4,0.11523609600000001,0.0009450394905941769,true,128,4
1801728,51,ScalarPack-512,Pack-4,0.118599424,0.0011864994918775536,true,128,4
1837056,52,ScalarPack-512,Pack-4,0.120624384,0.0009701447214423082,true,128,4
1872384,53,ScalarPack-512,Pack-4,0.12257203200000001,0.001030699396999409,true,128,4
1907712,54,ScalarPack-512,Pack-4,0.125805312,0.001450540955179996,true,128,4
1943040,55,ScalarPack-512,Pack-4,0.12795776,0.0012138800889714694,true,128,4
1978368,56,ScalarPack-512,Pack-4,0.130141568,0.001239624913180149,true,128,4
2013696,57,ScalarPack-512,Pack-4,0.132578304,0.0013485191891782634,true,128,4
2049024,58,ScalarPack-512,Pack-4,0.134855424,0.0011292881953798074,true,128,4
2084352,59,ScalarPack-512,Pack-4,0.13713318400000002,0.000987336784557241,true,128,4
2119680,60,ScalarPack-512,Pack-4,0.1388832,0.00111165715578139,true,128,4
2155008,61,ScalarPack-512,Pack-4,0.141755264,0.0014581519380045716,true,128,4
2190336,62,ScalarPack-512,Pack-4,0.14390976,0.0008374098580726085,true,128,4
2225664,63,ScalarPack-512,Pack-4,0.146590208,0.0011366284972375866,true,128,4
2260992,64,ScalarPack-512,Pack-4,0.149698048,0.0015953480866859639,true,128,4
2296320,65,ScalarPack-512,Pack-4,0.153835776,0.0016374023762717965,true,128,4
2331648,66,ScalarPack-512,Pack-4,0.155110528,0.001268583642184531,true,128,4
2366976,67,ScalarPack-512,Pack-4,0.156855552,0.0011531879670291711,true,128,4
2402304,68,ScalarPack-512,Pack-4,0.15959564799999998,0.001273291019407368,true,128,4
2437632,69,ScalarPack-512,Pack-4,0.163088,0.0013252984569522444,true,128,4
2472960,70,ScalarPack-512,Pack-4,0.166200832,0.0016638491697796125,true,128,4
2508288,71,ScalarPack-512,Pack-4,0.1687072,0.0017495339722323534,true,128,4
2543616,72,ScalarPack-512,Pack-4,0.171366272,0.0013714908756602049,true,128,4
2578944,73,ScalarPack-512,Pack-4,0.175374208,0.001602825940871561,true,128,4
2614272,74,ScalarPack-512,Pack-4,0.177481472,0.0015939290853769696,true,128,4
2649600,75,ScalarPack-512,Pack-4,0.17869606400000002,0.0013086476179240362,true,128,4
2684928,76,ScalarPack-512,Pack-4,0.182106112,0.002139503378697612,true,128,4
2720256,77,ScalarPack-512,Pack-4,0.18428351999999998,0.0017198028984745876,true,128,4
2755584,78,ScalarPack-512,Pack-4,0.18802176,0.0017618380511265845,true,128,4
2790912,79,ScalarPack-512,Pack-4,0.190470144,0.0023962550271759073,true,128,4
2826240,80,ScalarPack-512,Pack-4,0.193418112,0.002119217762161764,true,128,4
2861568,81,ScalarPack-512,Pack-4,0.19508864,0.0020924226204076936,true,128,4
2896896,82,ScalarPack-512,Pack-4,0.198670592,0.0014904994282252696,true,128,4
2932224,83,ScalarPack-512,Pack-4,0.201423616,0.0018027409122054413,true,128,4
2967552,84,ScalarPack-512,Pack-4,0.203225344,0.0012634792794723889,true,128,4
3002880,85,ScalarPack-512,Pack-4,0.206334464,0.0021058036852246143,true,128,4
3038208,86,ScalarPack-512,Pack-4,0.209980928,0.0025796602634482403,true,128,4
3073536,87,ScalarPack-512,Pack-4,0.212570752,0.001898590258717539,true,128,4
3108864,88,ScalarPack-512,Pack-4,0.21578624,0.0021468069029165946,true,128,4
3144192,89,ScalarPack-512,Pack-4,0.217735936,0.0019580764428160755,true,128,4
3179520,90,ScalarPack-512,Pack-4,0.220657664,0.0016659260533145835,true,128,4
3214848,91,ScalarPack-512,Pack-4,0.22462656,0.0020557004233107716,true,128,4
3250176,92,ScalarPack-512,Pack-4,0.22596697599999999,0.002381438403870535,true,128,4
3285504,93,ScalarPack-512,Pack-4,0.229650688,0.0026479691491130596,true,128,4
3320832,94,ScalarPack-512,Pack-4,0.23166630400000002,0.0025190852060979116,true,128,4
3356160,95,ScalarPack-512,Pack-4,0.234806016,0.002452270608179731,true,128,4
3391488,96,ScalarPack-512,Pack-4,0.237411328,0.0025206424951605935,true,128,4
3426816,97,ScalarPack-512,Pack-4,0.240767872,0.003046073929439925,true,128,4
3462144,98,ScalarPack-512,Pack-4,0.244420096,0.003197572137542944,true,128,4
3497472,99,ScalarPack-512,Pack-4,0.245498624,0.0022244442206137576,true,128,4
3532800,100,ScalarPack-512,Pack-4,0.24947609599999998,0.0030006800493869823,true,128,4
3568128,101,ScalarPack-512,Pack-4,0.252439424,0.0029619342741232586,true,128,4
3603456,102,ScalarPack-512,Pack-4,0.25718937599999997,0.003407943778091411,true,128,4
3638784,103,ScalarPack-512,Pack-4,0.258326016,0.00317936364446389,true,128,4
3674112,104,ScalarPack-512,Pack-4,0.26155123199999997,0.0033076636228887295,true,128,4
3709440,105,ScalarPack-512,Pack-4,0.263974272,0.0023621214782523865,true,128,4
3744768,106,ScalarPack-512,Pack-4,0.26689830400000003,0.002792660518500447,true,128,4
3780096,107,ScalarPack-512,Pack-4,0.27021299200000004,0.0031030318760735982,true,128,4
3815424,108,ScalarPack-512,Pack-4,0.27261696,0.0021367743555128988,true,128,4
3850752,109,ScalarPack-512,Pack-4,0.27567052799999997,0.0032853638692266047,true,128,4
3886080,110,ScalarPack-512,Pack-4,0.28011776,0.0035129170338047072,true,128,4
3921408,111,ScalarPack-512,Pack-4,0.28110758399999997,0.0026684771902629437,true,128,4
3956736,112,ScalarPack-512,Pack-4,0.28549529599999995,0.0029890737375331917,true,128,4
3992064,113,ScalarPack-512,Pack-4,0.28774412800000004,0.003642140414592266,true,128,4
4027392,114,ScalarPack-512,Pack-4,0.291401984,0.004163107105005343,true,128,4
4062720,115,ScalarPack-512,Pack-4,0.294042112,0.003815170679724524,true,128,4
4098048,116,ScalarPack-512,Pack-4,0.29871539199999997,0.003979118778617793,true,128,4
4133376,117,ScalarPack-512,Pack-4,0.30035456,0.00220032744617866,true,128,4
4168704,118,ScalarPack-512,Pack-4,0.305622272,0.004994448997638132,true,128,4
4204032,119,ScalarPack-512,Pack-4,0.306689408,0.003698775070958386,true,128,4
4239360,120,ScalarPack-512,Pack-4,0.310186624,0.003883120793719602,true,128,4
4274688,121,ScalarPack-512,Pack-4,0.31354867200000003,0.004462512059862099,true,128,4
4310016,122,ScalarPack-512,Pack-4,0.318796672,0.004264014971408004,true,128,4
4345344,123,ScalarPack-512,Pack-4,0.32139840000000003,0.0035577095733054856,true,128,4
4380672,124,ScalarPack-512,Pack-4,0.323774848,0.004251743399701457,true,128,4
4416000,125,ScalarPack-512,Pack-4,0.32950451199999997,0.004558963053355082,true,128,4
4451328,126,ScalarPack-512,Pack-4,0.331250816,0.004123516853143586,true,128,4
4486656,127,ScalarPack-512,Pack-4,0.337719424,0.005476258663378395,true,128,4
4521984,128,ScalarPack-512,Pack-4,0.338896,0.001995809497923575,true,128,4
141312,8,ScalarPack-512,Pack-8,0.023580928,0.00024184630411881698,true,128,8
158976,9,ScalarPack-512,Pack-8,0.022656256,0.00030646568235929647,true,128,8
176640,10,ScalarPack-512,Pack-8,0.021953151999999997,0.00048163848776449096,true,128,8
194304,11,ScalarPack-512,Pack-8,0.021682432,0.0003747748195597025,true,128,8
211968,12,ScalarPack-512,Pack-8,0.021585919999999998,0.0003617760987130476,true,128,8
229632,13,ScalarPack-512,Pack-8,0.021545984,0.000394541515868754,true,128,8
247296,14,ScalarPack-512,Pack-8,0.021546496,0.00043430073679891543,true,128,8
264960,15,ScalarPack-512,Pack-8,0.021619968,0.0004020843281899466,true,128,8
282624,16,ScalarPack-512,Pack-8,0.021821952000000002,0.0004678438347311302,true,128,8
300288,17,ScalarPack-512,Pack-8,0.022068864,0.000488554068147958,true,128,8
317952,18,ScalarPack-512,Pack-8,0.022365824,0.0004016113158564511,true,128,8
335616,19,ScalarPack-512,Pack-8,0.022562304000000002,0.00034287938926681267,true,128,8
353280,20,ScalarPack-512,Pack-8,0.022878592,0.0004953472494482832,true,128,8
370944,21,ScalarPack-512,Pack-8,0.02341184,0.0004263999699811932,true,128,8
388608,22,ScalarPack-512,Pack-8,0.023856512,0.00043082238783046395,true,128,8
406272,23,ScalarPack-512,Pack-8,0.024296576,0.0004720799129638964,true,128,8
423936,24,ScalarPack-512,Pack-8,0.024800896,0.0004269850737250202,true,128,8
441600,25,ScalarPack-512,Pack-8,0.025298944,0.0004896664383679347,true,128,8
459264,26,ScalarPack-512,Pack-8,0.025890944,0.00045036579450926257,true,128,8
476928,27,ScalarPack-512,Pack-8,0.026525312000000002,0.00047720674623886723,true,128,8
494592,28,ScalarPack-512,Pack-8,0.027322368,0.0005067743566679003,true,128,8
512256,29,ScalarPack-512,Pack-8,0.028162176,0.000556770000111379,true,128,8
529920,30,ScalarPack-512,Pack-8,0.029114624,0.0005403167317638958,true,128,8
547584,31,ScalarPack-512,Pack-8,0.030002815999999998,0.0005638489497587242,true,128,8
565248,32,ScalarPack-512,Pack-8,0.031236736,0.0006295515882785188,true,128,8
582912,33,ScalarPack-512,Pack-8,0.032227968,0.0006488576045451141,true,128,8
600576,34,ScalarPack-512,Pack-8,0.033447936000000004,0.0006632531672776666,true,128,8
618240,35,ScalarPack-512,Pack-8,0.034658688,0.0007259000528005268,true,128,8
635904,36,ScalarPack-512,Pack-8,0.036068224,0.0006908225458276319,true,128,8
653568,37,ScalarPack-512,Pack-8,0.037526016,0.000634651778334841,true,128,8
671232,38,ScalarPack-512,Pack-8,0.038573568,0.0006631371542720077,true,128,8
688896,39,ScalarPack-512,Pack-8,0.039941375999999994,0.0006574421424157841,true,128,8
706560,40,ScalarPack-512,Pack-8,0.041286527999999996,0.0006520610594233071,true,128,8
724224,41,ScalarPack-512,Pack-8,0.042562944000000005,0.0006016166261531675,true,128,8
741888,42,ScalarPack-512,Pack-8,0.04379712,0.0006960955520615119,true,128,8
759552,43,ScalarPack-512,Pack-8,0.044968447999999994,0.0005718126050519748,true,128,8
777216,44,ScalarPack-512,Pack-8,0.046202368,0.0007117428921849425,true,128,8
794880,45,ScalarPack-512,Pack-8,0.047393024,0.0006560850489258145,true,128,8
812544,46,ScalarPack-512,Pack-8,0.048724352,0.000722411962868828,true,128,8
830208,47,ScalarPack-512,Pack-8,0.050575872,0.0008497852808891415,true,128,8
847872,48,ScalarPack-512,Pack-8,0.051312767999999995,0.0008181301914586589,true,128,8
865536,49,ScalarPack-512,Pack-8,0.052414976,0.0009440547650552902,true,128,8
883200,50,ScalarPack-512,Pack-8,0.053336704,0.0008731814475720418,true,128,8
900864,51,ScalarPack-512,Pack-8,0.05504755200000001,0.0009397699416856555,true,128,8
918528,52,ScalarPack-512,Pack-8,0.056399744,0.000872581933381606,true,128,8
936192,53,ScalarPack-512,Pack-8,0.057862016,0.0008244734366514744,true,128,8
953856,54,ScalarPack-512,Pack-8,0.059376896,0.0008713601856775495,true,128,8
971520,55,ScalarPack-512,Pack-8,0.060095744,0.0010344268821255273,true,128,8
989184,56,ScalarPack-512,Pack-8,0.060814591999999994,0.0010803344378185207,true,128,8
1006848,57,ScalarPack-512,Pack-8,0.06278054400000001,0.0009227594573149424,true,128,8
1024512,58,ScalarPack-512,Pack-8,0.063673728,0.0009222029050136905,true,128,8
1042176,59,ScalarPack-512,Pack-8,0.064465536,0.0008797612452843886,true,128,8
1059840,60,ScalarPack-512,Pack-8,0.06574924800000001,0.0009845309027625947,true,128,8
1077504,61,ScalarPack-512,Pack-8,0.067116672,0.0009073200253577057,true,128,8
1095168,62,ScalarPack-512,Pack-8,0.06783539200000001,0.0009096172460629451,true,128,8
1112832,63,ScalarPack-512,Pack-8,0.06896691199999999,0.0008005740941703352,true,128,8
1130496,64,ScalarPack-512,Pack-8,0.070546048,0.0009672334969883261,true,128,8
1148160,65,ScalarPack-512,Pack-8,0.071545856,0.0010421959025365404,true,128,8
1165824,66,ScalarPack-512,Pack-8,0.07268774400000001,0.000969764704690403,true,128,8
1183488,67,ScalarPack-512,Pack-8,0.073817984,0.0012110419578792516,true,128,8
1201152,68,ScalarPack-512,Pack-8,0.074439424,0.0010443547846514993,true,128,8
1218816,69,ScalarPack-512,Pack-8,0.074934272,0.0013462182014875271,true,128,8
1236480,70,ScalarPack-512,Pack-8,0.077332608,0.0012897727979518457,true,128,8
1254144,71,ScalarPack-512,Pack-8,0.078983168,0.0012583439322278297,true,128,8
1271808,72,ScalarPack-512,Pack-8,0.07917056,0.0012569156815002468,true,128,8
1289472,73,ScalarPack-512,Pack-8,0.07998988800000001,0.0013598637650347686,true,128,8
1307136,74,ScalarPack-512,Pack-8,0.08137984,0.0013577029448302727,true,128,8
1324800,75,ScalarPack-512,Pack-8,0.082530432,0.0012002168226517358,true,128,8
1342464,76,ScalarPack-512,Pack-8,0.084368768,0.0014256384009193417,true,128,8
1360128,77,ScalarPack-512,Pack-8,0.084773632,0.0014335175061981466,true,128,8
1377792,78,ScalarPack-512,Pack-8,0.08694784,0.0017220595966459039,true,128,8
1395456,79,ScalarPack-512,Pack-8,0.087828864,0.001330028290490018,true,128,8
1413120,80,ScalarPack-512,Pack-8,0.08900275199999999,0.0018219888151405992,true,128,8
1430784,81,ScalarPack-512,Pack-8,0.08969190399999999,0.0014594805400501144,true,128,8
1448448,82,ScalarPack-512,Pack-8,0.090862976,0.0014564046825743051,true,128,8
1466112,83,ScalarPack-512,Pack-8,0.09292544,0.0012342220377228117,true,128,8
1483776,84,ScalarPack-512,Pack-8,0.09405452800000001,0.002147606372036862,true,128,8
1501440,85,ScalarPack-512,Pack-8,0.09522560000000001,0.001756337716954996,true,128,8
1519104,86,ScalarPack-512,Pack-8,0.09661465600000001,0.0015584797469534364,true,128,8
1536768,87,ScalarPack-512,Pack-8,0.09738688000000001,0.0015505683788849447,true,128,8
1554432,88,ScalarPack-512,Pack-8,0.09951936,0.0016787931970317594,true,128,8
1572096,89,ScalarPack-512,Pack-8,0.10025625599999999,0.0014446800166354398,true,128,8
1589760,90,ScalarPack-512,Pack-8,0.102200704,0.0016135566529824356,true,128,8
1607424,91,ScalarPack-512,Pack-8,0.103579008,0.0016491508723993483,true,128,8
1625088,92,ScalarPack-512,Pack-8,0.103651072,0.002099414326619756,true,128,8
1642752,93,ScalarPack-512,Pack-8,0.107645568,0.0020672867409664317,true,128,8
1660416,94,ScalarPack-512,Pack-8,0.107773184,0.0015978507984623135,true,128,8
1678080,95,ScalarPack-512,Pack-8,0.109373312,0.0020003898356709396,true,128,8
1695744,96,ScalarPack-512,Pack-8,0.11097459200000001,0.0018843740269743525,true,128,8
1713408,97,ScalarPack-512,Pack-8,0.11253388800000001,0.0022220538579103056,true,128,8
1731072,98,ScalarPack-512,Pack-8,0.11348902400000001,0.0015797350181035788,true,128,8
1748736,99,ScalarPack-512,Pack-8,0.11412582399999999,0.0022936436970517437,true,128,8
1766400,100,ScalarPack-512,Pack-8,0.11532851200000001,0.00198578081213838,true,128,8
1784064,101,ScalarPack-512,Pack-8,0.117172096,0.002101622411087049,true,128,8
1801728,102,ScalarPack-512,Pack-8,0.11924544000000001,0.0023619320308594424,true,128,8
1819392,103,ScalarPack-512,Pack-8,0.120120704,0.002301079040881513,true,128,8
1837056,104,ScalarPack-512,Pack-8,0.12112832000000001,0.002596433620487723,true,128,8
1854720,105,ScalarPack-512,Pack-8,0.121967616,0.0027699318772388044,true,128,8
1872384,106,ScalarPack-512,Pack-8,0.122622464,0.001965195451017977,true,128,8
1890048,107,ScalarPack-512,Pack-8,0.124638464,0.00224873216740067,true,128,8
1907712,108,ScalarPack-512,Pack-8,0.12588697599999998,0.002378527727697601,true,128,8
1925376,109,ScalarPack-512,Pack-8,0.126865024,0.0027783845852263345,true,128,8
1943040,110,ScalarPack-512,Pack-8,0.127353728,0.002445034037803219,true,128,8
1960704,111,ScalarPack-512,Pack-8,0.129766784,0.002637678893524556,true,128,8
1978368,112,ScalarPack-512,Pack-8,0.131558144,0.002632520631498111,true,128,8
1996032,113,ScalarPack-512,Pack-8,0.13278272,0.0021506229408243217,true,128,8
2013696,114,ScalarPack-512,Pack-8,0.134355584,0.0024076910273004223,true,128,8
2031360,115,ScalarPack-512,Pack-8,0.132242688,0.0022491340499523702,true,128,8
2049024,116,ScalarPack-512,Pack-8,0.13467289600000001,0.0021695172175356984,true,128,8
2066688,117,ScalarPack-512,Pack-8,0.13710656,0.002538213615596299,true,128,8
2084352,118,ScalarPack-512,Pack-8,0.137748736,0.001854351846414757,true,128,8
2102016,119,ScalarPack-512,Pack-8,0.140333184,0.0027824963766631384,true,128,8
2119680,120,ScalarPack-512,Pack-8,0.139567104,0.0017835415277429412,true,128,8
2137344,121,ScalarPack-512,Pack-8,0.14226649600000002,0.003141906994483,true,128,8
2155008,122,ScalarPack-512,Pack-8,0.143167488,0.0020922322762661977,true,128,8
2172672,123,ScalarPack-512,Pack-8,0.143323392,0.0021524474215032807,true,128,8
2190336,124,ScalarPack-512,Pack-8,0.144710016,0.00267480660380231,true,128,8
2208000,125,ScalarPack-512,Pack-8,0.146130432,0.002967488253284013,true,128,8
2225664,126,ScalarPack-512,Pack-8,0.148287744,0.0027274784601278848,true,128,8
2243328,127,ScalarPack-512,Pack-8,0.148708864,0.0020975468846970258,true,128,8
2260992,128,ScalarPack-512,Pack-8,0.149783296,0.0030444656070295847,true,128,8
141312,16,ScalarPack-512,Pack-16,0.018890240000000003,0.0004910364287911195,true,128,16
150144,17,ScalarPack-512,Pack-16,0.019071743999999998,0.0005371807279343565,true,128,16
158976,18,ScalarPack-512,Pack-16,0.019179903999999998,0.0005282245495847994,true,128,16
167808,19,ScalarPack-512,Pack-16,0.019284736,0.0005106342745096261,true,128,16
176640,20,ScalarPack-512,Pack-16,0.019491711999999998,0.0004183056646234144,true,128,16
185472,21,ScalarPack-512,Pack-16,0.019872768,0.0004807071313970995,true,128,16
194304,22,ScalarPack-512,Pack-16,0.020059392,0.0005023442149921003,true,128,16
203136,23,ScalarPack-512,Pack-16,0.020208511999999998,0.0005108404309136414,true,128,16
211968,24,ScalarPack-512,Pack-16,0.020617856,0.000536628776030514,true,128,16
220800,25,ScalarPack-512,Pack-16,0.02079872,0.0005371945137470352,true,128,16
229632,26,ScalarPack-512,Pack-16,0.021141247999999998,0.0005568948002055584,true,128,16
238464,27,ScalarPack-512,Pack-16,0.021439616,0.0006049370054343868,true,128,16
247296,28,ScalarPack-512,Pack-16,0.021730816,0.0006062393505407254,true,128,16
256128,29,ScalarPack-512,Pack-16,0.022210815999999998,0.0006222171503133338,true,128,16
264960,30,ScalarPack-512,Pack-16,0.022343296,0.0005804274428247899,true,128,16
273792,31,ScalarPack-512,Pack-16,0.023083392,0.0005332752369424035,true,128,16
282624,32,ScalarPack-512,Pack-16,0.023703552,0.0005524226129477569,true,128,16
291456,33,ScalarPack-512,Pack-16,0.024263168,0.000602734100392564,true,128,16
300288,34,ScalarPack-512,Pack-16,0.025222783999999998,0.0005904663862948766,true,128,16
309120,35,ScalarPack-512,Pack-16,0.025820159999999998,0.0006232837735734881,true,128,16
317952,36,ScalarPack-512,Pack-16,0.026390272,0.0006360031871115066,true,128,16
326784,37,ScalarPack-512,Pack-16,0.026931200000000002,0.0006176447652170253,true,128,16
335616,38,ScalarPack-512,Pack-16,0.027326463999999998,0.0006139512494522411,true,128,16
344448,39,ScalarPack-512,Pack-16,0.027720191999999998,0.0005563128572449342,true,128,16
353280,40,ScalarPack-512,Pack-16,0.028194432000000002,0.0005596673059738407,true,128,16
362112,41,ScalarPack-512,Pack-16,0.028706432,0.0005033735525193538,true,128,16
370944,42,ScalarPack-512,Pack-16,0.029647104,0.0005134391932683038,true,128,16
379776,43,ScalarPack-512,Pack-16,0.030035712,0.0005127240320640305,true,128,16
388608,44,ScalarPack-512,Pack-16,0.030714624,0.0005422916951457087,true,128,16
397440,45,ScalarPack-512,Pack-16,0.031358208,0.0005533362275652448,true,128,16
406272,46,ScalarPack-512,Pack-16,0.031911424,0.0005180069383937605,true,128,16
415104,47,ScalarPack-512,Pack-16,0.03241984,0.0005471771691143908,true,128,16
423936,48,ScalarPack-512,Pack-16,0.033251199999999995,0.0005789382834121888,true,128,16
432768,49,ScalarPack-512,Pack-16,0.033543424,0.0005540660937326652,true,128,16
441600,50,ScalarPack-512,Pack-16,0.034216704,0.0005528337040957109,true,128,16
450432,51,ScalarPack-512,Pack-16,0.0346656,0.0005776066481612354,true,128,16
459264,52,ScalarPack-512,Pack-16,0.035208447999999996,0.0005140063728167522,true,128,16
468096,53,ScalarPack-512,Pack-16,0.035586432,0.0005364084165783271,true,128,16
476928,54,ScalarPack-512,Pack-16,0.03615232,0.0005206611427790213,true,128,16
485760,55,ScalarPack-512,Pack-16,0.036828288,0.0005131412720254944,true,128,16
494592,56,ScalarPack-512,Pack-16,0.037292160000000005,0.0005551678146287259,true,128,16
503424,57,ScalarPack-512,Pack-16,0.03785216,0.0006527071306486847,true,128,16
512256,58,ScalarPack-512,Pack-16,0.038471168,0.0006302471481699053,true,128,16
521088,59,ScalarPack-512,Pack-16,0.038931839999999995,0.0005246551995362035,true,128,16
529920,60,ScalarPack-512,Pack-16,0.039523456,0.0006114867063675526,true,128,16
538752,61,ScalarPack-512,Pack-16,0.039989248,0.0006209905719863003,true,128,16
547584,62,ScalarPack-512,Pack-16,0.040584959999999996,0.0006262013273700915,true,128,16
556416,63,ScalarPack-512,Pack-16,0.041148928,0.0006120879698344255,true,128,16
565248,64,ScalarPack-512,Pack-16,0.041849984,0.0006165899770059716,true,128,16
574080,65,ScalarPack-512,Pack-16,0.042352,0.0005374571238713706,true,128,16
582912,66,ScalarPack-512,Pack-16,0.043086208,0.000713402565692069,true,128,16
591744,67,ScalarPack-512,Pack-16,0.043549824,0.0005688654823628148,true,128,16
600576,68,ScalarPack-512,Pack-16,0.044041088000000006,0.00058655165864196,true,128,16
609408,69,ScalarPack-512,Pack-16,0.044572928,0.0006291876944250518,true,128,16
618240,70,ScalarPack-512,Pack-16,0.045309824,0.0007651837537638433,true,128,16
627072,71,ScalarPack-512,Pack-16,0.046006528,0.0007555472991257409,true,128,16
635904,72,ScalarPack-512,Pack-16,0.046315264,0.0006290748272691864,true,128,16
644736,73,ScalarPack-512,Pack-16,0.046932224,0.0008354393992527634,true,128,16
653568,74,ScalarPack-512,Pack-16,0.047514495999999996,0.0007625019304788884,true,128,16
662400,75,ScalarPack-512,Pack-16,0.047999872000000006,0.0007154186575817636,true,128,16
671232,76,ScalarPack-512,Pack-16,0.048482304,0.0007221931511615359,true,128,16
680064,77,ScalarPack-512,Pack-16,0.049008,0.0006470032828356785,true,128,16
688896,78,ScalarPack-512,Pack-16,0.04955955200000001,0.0006202078033171638,true,128,16
697728,79,ScalarPack-512,Pack-16,0.050253312,0.0006776349981045734,true,128,16
706560,80,ScalarPack-512,Pack-16,0.050711296,0.0005763323627768588,true,128,16
715392,81,ScalarPack-512,Pack-16,0.051203456,0.0007087261982347306,true,128,16
724224,82,ScalarPack-512,Pack-16,0.051788672,0.0007110564059314648,true,128,16
733056,83,ScalarPack-512,Pack-16,0.052278272,0.0006424876325786287,true,128,16
741888,84,ScalarPack-512,Pack-16,0.052823168,0.0007230016181005677,true,128,16
750720,85,ScalarPack-512,Pack-16,0.053473408,0.0005817403420219147,true,128,16
759552,86,ScalarPack-512,Pack-16,0.053658112,0.0006848883262663409,true,128,16
768384,87,ScalarPack-512,Pack-16,0.054394368000000005,0.000640135204918044,true,128,16
777216,88,ScalarPack-512,Pack-16,0.055179008,0.0006794690927008909,true,128,16
786048,89,ScalarPack-512,Pack-16,0.055679232,0.0006809487397563955,true,128,16
794880,90,ScalarPack-512,Pack-16,0.056146944000000004,0.0006624862057912407,true,128,16
803712,91,ScalarPack-512,Pack-16,0.056538496,0.0006981036097771469,true,128,16
812544,92,ScalarPack-512,Pack-16,0.057402879999999996,0.0006313125577718333,true,128,16
821376,93,ScalarPack-512,Pack-16,0.057904383999999996,0.0007289160696158562,true,128,16
830208,94,ScalarPack-512,Pack-16,0.058659456,0.000645042801730593,true,128,16
839040,95,ScalarPack-512,Pack-16,0.059411584,0.0006617716486401376,true,128,16
847872,96,ScalarPack-512,Pack-16,0.06010816,0.0006102556893627715,true,128,16
856704,97,ScalarPack-512,Pack-16,0.060580224,0.0006776468090558122,true,128,16
865536,98,ScalarPack-512,Pack-16,0.061267328,0.0008296922974307342,true,128,16
874368,99,ScalarPack-512,Pack-16,0.061691392,0.000704269958422164,true,128,16
883200,100,ScalarPack-512,Pack-16,0.062535936,0.0006792948784612937,true,128,16
892032,101,ScalarPack-512,Pack-16,0.062830208,0.000763870808930558,true,128,16
900864,102,ScalarPack-512,Pack-16,0.063175296,0.0008528441360434739,true,128,16
909696,103,ScalarPack-512,Pack-16,0.06373184,0.000724747088576473,true,128,16
918528,104,ScalarPack-512,Pack-16,0.064374528,0.0007086742165596722,true,128,16
927360,105,ScalarPack-512,Pack-16,0.065073152,0.0009083315434883285,true,128,16
936192,106,ScalarPack-512,Pack-16,0.065631488,0.0008212622442653635,true,128,16
945024,107,ScalarPack-512,Pack-16,0.066069376,0.0009729503967945779,true,128,16
953856,108,ScalarPack-512,Pack-16,0.066735232,0.000789699721524611,true,128,16
962688,109,ScalarPack-512,Pack-16,0.06742924800000001,0.0008926343094992405,true,128,16
971520,110,ScalarPack-512,Pack-16,0.067678208,0.0008239691576364784,true,128,16
980352,111,ScalarPack-512,Pack-16,0.068290816,0.0008080695453631416,true,128,16
989184,112,ScalarPack-512,Pack-16,0.06894476799999999,0.0008832332886481616,true,128,16
998016,113,ScalarPack-512,Pack-16,0.069208192,0.0008851644610672755,true,128,16
1006848,114,ScalarPack-512,Pack-16,0.070026368,0.001051722256384992,true,128,16
1015680,115,ScalarPack-512,Pack-16,0.07007859200000001,0.0007599107747197957,true,128,16
1024512,116,ScalarPack-512,Pack-16,0.07090060799999999,0.0008021815145818354,true,128,16
1033344,117,ScalarPack-512,Pack-16,0.071243904,0.0010017143019771877,true,128,16
1042176,118,ScalarPack-512,Pack-16,0.07188416,0.0009877190726108273,true,128,16
1051008,119,ScalarPack-512,Pack-16,0.072713728,0.0009224815694720132,true,128,16
1059840,120,ScalarPack-512,Pack-16,0.07335283199999999,0.0008746343028811514,true,128,16
1068672,121,ScalarPack-512,Pack-16,0.07367232000000001,0.0010162025121003115,true,128,16
1077504,122,ScalarPack-512,Pack-16,0.07426496,0.0009601171128557815,true,128,16
1086336,123,ScalarPack-512,Pack-16,0.07475596799999999,0.0009488270479789014,true,128,16
1095168,124,ScalarPack-512,Pack-16,0.07517260799999999,0.0013303086492753792,true,128,16
1104000,125,ScalarPack-512,Pack-16,0.075532544,0.00095957661917327,true,128,16
1112832,126,ScalarPack-512,Pack-16,0.0761632,0.001000634422753957,true,128,16
1121664,127,ScalarPack-512,Pack-16,0.07685644800000001,0.001091347464053196,true,128,16
1130496,128,ScalarPack-512,Pack-16,0.07752447999999999,0.0009437940927984906,true,128,16
141312,32,ScalarPack-512,Pack-32,0.018942464,0.0005216978519258556,true,128,32
145728,33,ScalarPack-512,Pack-32,0.019284991999999997,0.0004814162190205264,true,128,32
150144,34,ScalarPack-512,Pack-32,0.019572096,0.0004774005517214383,true,128,32
154560,35,ScalarPack-512,Pack-32,0.019782527999999997,0.0004784212800619039,true,128,32
158976,36,ScalarPack-512,Pack-32,0.020200064,0.0005334971976534522,true,128,32
163392,37,ScalarPack-512,Pack-32,0.020454272000000003,0.0005248990969852689,true,128,32
167808,38,ScalarPack-512,Pack-32,0.020981504,0.0004971655116598196,true,128,32
172224,39,ScalarPack-512,Pack-32,0.021484544,0.0004734165439271561,true,128,32
176640,40,ScalarPack-512,Pack-32,0.02194816,0.0004963545571464238,true,128,32
181056,41,ScalarPack-512,Pack-32,0.022399744,0.0005012715336661937,true,128,32
185472,42,ScalarPack-512,Pack-32,0.02292736,0.00046957162435557967,true,128,32
189888,43,ScalarPack-512,Pack-32,0.023340672,0.00043581037667322204,true,128,32
194304,44,ScalarPack-512,Pack-32,0.023877888,0.00048694510928441395,true,128,32
198720,45,ScalarPack-512,Pack-32,0.024213888,0.00048274855096217776,true,128,32
203136,46,ScalarPack-512,Pack-32,0.024738816,0.00047474052507038916,true,128,32
207552,47,ScalarPack-512,Pack-32,0.024956799999999998,0.0005008485599459895,true,128,32
211968,48,ScalarPack-512,Pack-32,0.025489151999999998,0.0004400211823267161,true,128,32
216384,49,ScalarPack-512,Pack-32,0.025778816,0.0004593335064460089,true,128,32
220800,50,ScalarPack-512,Pack-32,0.026187648,0.0004980083253279001,true,128,32
225216,51,ScalarPack-512,Pack-32,0.026715264,0.0004341517917780601,true,128,32
229632,52,ScalarPack-512,Pack-32,0.027250048,0.0004891102428860586,true,128,32
234048,53,ScalarPack-512,Pack-32,0.027423616,0.0004409825898421458,true,128,32
238464,54,ScalarPack-512,Pack-32,0.027747968,0.00044631067091875935,true,128,32
242880,55,ScalarPack-512,Pack-32,0.028189056,0.00048019999673461374,true,128,32
247296,56,ScalarPack-512,Pack-32,0.028687616000000003,0.000489808955148708,true,128,32
251712,57,ScalarPack-512,Pack-32,0.028954240000000003,0.0004702101385550381,true,128,32
256128,58,ScalarPack-512,Pack-32,0.029423104,0.0004801804631427746,true,128,32
260544,59,ScalarPack-512,Pack-32,0.029754624,0.00045105674435034327,true,128,32
264960,60,ScalarPack-512,Pack-32,0.030237568,0.0004790499654274733,true,128,32
269376,61,ScalarPack-512,Pack-32,0.030544383999999997,0.0004760948944739072,true,128,32
273792,62,ScalarPack-512,Pack-32,0.031008256,0.00045559722394225175,true,128,32
278208,63,ScalarPack-512,Pack-32,0.03149696,0.0004457010729177644,true,128,32
282624,64,ScalarPack-512,Pack-32,0.03199744,0.0004634077323481102,true,128,32
287040,65,ScalarPack-512,Pack-32,0.032352384,0.0005046957544343832,true,128,32
291456,66,ScalarPack-512,Pack-32,0.0327616,0.00039495830666034924,true,128,32
295872,67,ScalarPack-512,Pack-32,0.033141632,0.0004635241963221403,true,128,32
300288,68,ScalarPack-512,Pack-32,0.03364864,0.00044942584527370096,true,128,32
304704,69,ScalarPack-512,Pack-32,0.034477952,0.0005419537080750361,true,128,32
309120,70,ScalarPack-512,Pack-32,0.034496,0.00047825603184906845,true,128,32
313536,71,ScalarPack-512,Pack-32,0.034898688000000004,0.0004588524889938335,true,128,32
317952,72,ScalarPack-512,Pack-32,0.035455872000000006,0.0004931614092929286,true,128,32
322368,73,ScalarPack-512,Pack-32,0.035740928,0.000457533739538502,true,128,32
326784,74,ScalarPack-512,Pack-32,0.036137343999999995,0.00046490475762711,true,128,32
331200,75,ScalarPack-512,Pack-32,0.036561408000000004,0.0004968973189059267,true,128,32
335616,76,ScalarPack-512,Pack-32,0.03700736,0.0004143148638415724,true,128,32
340032,77,ScalarPack-512,Pack-32,0.037478528,0.00048041196614579876,true,128,32
344448,78,ScalarPack-512,Pack-32,0.037825279999999996,0.0003823409494157932,true,128,32
348864,79,ScalarPack-512,Pack-32,0.038313599999999996,0.00048027512115468845,true,128,32
353280,80,ScalarPack-512,Pack-32,0.038612735999999995,0.0004654389780673432,true,128,32
357696,81,ScalarPack-512,Pack-32,0.039054976000000005,0.0003844383844310551,true,128,32
362112,82,ScalarPack-512,Pack-32,0.039416064,0.0005024983302499064,true,128,32
366528,83,ScalarPack-512,Pack-32,0.03989696,0.00035016189170149713,true,128,32
370944,84,ScalarPack-512,Pack-32,0.040369023999999996,0.00048150056222608507,true,128,32
375360,85,ScalarPack-512,Pack-32,0.040831743999999996,0.00044746932684184984,true,128,32
379776,86,ScalarPack-512,Pack-32,0.041143424,0.00040199461218292005,true,128,32
384192,87,ScalarPack-512,Pack-32,0.041536383999999996,0.0004910220978165024,true,128,32
388608,88,ScalarPack-512,Pack-32,0.042052992,0.0003791853688319904,true,128,32
393024,89,ScalarPack-512,Pack-32,0.042452352,0.0005131182827536568,true,128,32
397440,90,ScalarPack-512,Pack-32,0.042873344,0.00039835146499564065,true,128,32
401856,91,ScalarPack-512,Pack-32,0.043296256,0.0004493236856252873,true,128,32
406272,92,ScalarPack-512,Pack-32,0.044043392,0.0006141309944433294,true,128,32
410688,93,ScalarPack-512,Pack-32,0.044117632,0.0003919745611340766,true,128,32
415104,94,ScalarPack-512,Pack-32,0.044605952,0.0005049148816348767,true,128,32
419520,95,ScalarPack-512,Pack-32,0.044923264000000004,0.0004175602690676089,true,128,32
423936,96,ScalarPack-512,Pack-32,0.045389312,0.0004509104818655382,true,128,32
428352,97,ScalarPack-512,Pack-32,0.045859199999999996,0.0004054009768123155,true,128,32
432768,98,ScalarPack-512,Pack-32,0.046186624,0.0004178638565652762,true,128,32
437184,99,ScalarPack-512,Pack-32,0.046641792,0.0004936873714569037,true,128,32
441600,100,ScalarPack-512,Pack-32,0.046937856,0.0004471158544091911,true,128,32
446016,101,ScalarPack-512,Pack-32,0.047440512000000004,0.0004542306659134103,true,128,32
450432,102,ScalarPack-512,Pack-32,0.04785792,0.00044343087127548506,true,128,32
454848,103,ScalarPack-512,Pack-32,0.048296832000000005,0.0004288953016479836,true,128,32
459264,104,ScalarPack-512,Pack-32,0.048709760000000005,0.00048335425352395543,true,128,32
463680,105,ScalarPack-512,Pack-32,0.049044608,0.0003475813780056404,true,128,32
468096,106,ScalarPack-512,Pack-32,0.049453824,0.00042442831317428357,true,128,32
472512,107,ScalarPack-512,Pack-32,0.049844864,0.00046320582628419515,true,128,32
476928,108,ScalarPack-512,Pack-32,0.050220032,0.00036185000065841347,true,128,32
481344,109,ScalarPack-512,Pack-32,0.050628864,0.0004807342607968749,true,128,32
485760,110,ScalarPack-512,Pack-32,0.051025152000000004,0.00043826766353009187,true,128,32
490176,111,ScalarPack-512,Pack-32,0.051361536,0.0004098370514049222,true,128,32
494592,112,ScalarPack-512,Pack-32,0.0519296,0.0004470756177653602,true,128,32
499008,113,ScalarPack-512,Pack-32,0.052346239999999995,0.0003449528756223485,true,128,32
503424,114,ScalarPack-512,Pack-32,0.052724352,0.00047858083966682857,true,128,32
507840,115,ScalarPack-512,Pack-32,0.053121536,0.0004344342628103753,true,128,32
512256,116,ScalarPack-512,Pack-32,0.053563136,0.00044829349928853976,true,128,32
516672,117,ScalarPack-512,Pack-32,0.053981824,0.0004413394895360239,true,128,32
521088,118,ScalarPack-512,Pack-32,0.054409088,0.0003924136188456498,true,128,32
525504,119,ScalarPack-512,Pack-32,0.05482304,0.0004947117204998652,true,128,32
529920,120,ScalarPack-512,Pack-32,0.055224447999999995,0.00036399673528242094,true,128,32
534336,121,ScalarPack-512,Pack-32,0.055659904,0.0004609439952793568,true,128,32
538752,122,ScalarPack-512,Pack-32,0.05602368,0.0004842990415019747,true,128,32
543168,123,ScalarPack-512,Pack-32,0.056456064,0.000403540803270232,true,128,32
547584,124,ScalarPack-512,Pack-32,0.056936447999999994,0.00048767234009779864,true,128,32
552000,125,ScalarPack-512,Pack-32,0.057398784,0.00043027454647439045,true,128,32
556416,126,ScalarPack-512,Pack-32,0.057837824,0.0004776533314279744,true,128,32
560832,127,ScalarPack-512,Pack-32,0.058380672,0.00039108030430613566,true,128,32
565248,128,ScalarPack-512,Pack-32,0.058818176,0.0004796578791426215,true,128,32
